{
  "statistics": {
    "variance": {
      "uncertainty": {
        "t_statistic": -1.5281501262635135,
        "p_value": 0.1429525542993242,
        "effect_size": -0.2539606655838586,
        "mean_adaptive": 0.10255375407598033,
        "mean_random": 0.10512389387234448,
        "improvement_pct": 2.444867478977031
      },
      "error": {
        "t_statistic": 0.9953835159640676,
        "p_value": 0.33205841100773614,
        "effect_size": 0.21909924371523218,
        "mean_adaptive": 0.20838842246379907,
        "mean_random": 0.19251638494846107,
        "improvement_pct": -8.244512492452326
      },
      "convergence": {
        "t_statistic": -2.516611478423583,
        "p_value": 0.020991504670164814,
        "effect_size": -0.5773502691229592,
        "mean_adaptive": 3.0,
        "mean_random": 3.5,
        "improvement_pct": 14.285714288163264
      }
    },
    "info_gain": {
      "uncertainty": {
        "t_statistic": -1.0051969318928773,
        "p_value": 0.32743291122102797,
        "effect_size": -0.16062580820528766,
        "mean_adaptive": 0.10349832409742496,
        "mean_random": 0.10512389387234448,
        "improvement_pct": 1.5463371965151573
      },
      "error": {
        "t_statistic": -0.689445818849483,
        "p_value": 0.49887719248563145,
        "effect_size": -0.17758116895346748,
        "mean_adaptive": 0.1796520092990847,
        "mean_random": 0.19251638494846107,
        "improvement_pct": 6.6822238253321125
      },
      "convergence": {
        "t_statistic": -2.516611478423583,
        "p_value": 0.020991504670164814,
        "effect_size": -0.5773502691229592,
        "mean_adaptive": 3.0,
        "mean_random": 3.5,
        "improvement_pct": 14.285714288163264
      }
    }
  },
  "summary_metrics": {
    "variance": {
      "mean_final_uncertainty": 0.10255375407598033,
      "std_final_uncertainty": 0.010319912217329665,
      "mean_final_error": 0.20838842246379907,
      "std_final_error": 0.062110402578804055
    },
    "random": {
      "mean_final_uncertainty": 0.10512389387234448,
      "std_final_uncertainty": 0.010120227733138538,
      "mean_final_error": 0.19251638494846107,
      "std_final_error": 0.07244222857317249
    },
    "info_gain": {
      "mean_final_uncertainty": 0.10349832409742496,
      "std_final_uncertainty": 0.009505622538663884,
      "mean_final_error": 0.1796520092990847,
      "std_final_error": 0.06312456982261311
    }
  }
}